Games,Finance,Ecommerce,Social,Industry,Travel,Phone,Utilities,Stock
game,Internet banking,online malls,Relatives 1,Industry tag,Air Travel,music,Personal Effectiveness 1,fund
poker game_doudizhu,Finance,fashion,1 free,Property Industry 2.0,travel,map,Science and Technology,stock
game-Cartoon,Liquid medium,"online shopping by group, like groupon",IM,Property Industry 1.0,Booking channels,radio,Securities,A shares
game-Puzzle,P2P net loan,online shopping navigation,video,DS_P2P net loan,Integrated Air Travel Booking,System Tools,Technology Information,Stock Futures
Chess categories,Pay,Buy class,Integrated Living,Property Industry new,Car Owners,WIFI,Personal Effectiveness,Commodity Futures
poker,P2P,takeaway ordering,pictures photography,the film,tourism product,Editor,Medical,Exchange
game-Tactics,Low risk,"online shopping, price comparing",news,Property Industry new,Purpose of travel,App Store,Internet Securities,futures
game-Answer,High risk,Smart Shopping,1 reputation,service,High-speed rail train reservation,Weather,Science and Technology 1,exchange rate
game-Fishing,mobile bank,Online booking class,Passion 1,Services 1,Housing Advice,Contacts,notes,Traditional securities brokerage
game-Music and Dance,Wealth Management,Buy,Jobs,,Car,navigation,network disk,
gaming strategy,Higher income,Sellers,Trendy / cool 1,,aviation,,foreign language,
game-Parkour,Debit and credit,Smart Shopping 1,Points Activities,,Express,,Health Management,
game-Role -playing games,Low income,store management,love and marriage,,Scheduling,,Nature 1,
chess,Low liquidity,Maternal and child supplies,Entertainment News,,Travel Information,,Relatives,
game-Competitive action,Low Risk,,picture sharing,,Hotel Type,,Wearable Health,
Intellectual development game,Low profitability,,blogs,,Travel advisory,,dictionary,
game-shooting,Moderate profitability,,Calendar,,Hotels,,education outside class,
millitary and wars,Bank financing,,magazine and journal,,Airline type,,Appliances,
Animation,High Flow,,User Community,,Flight area,,professional skills,
Texas Poker,Third party payment,,Peace - Search,,Aeronautical Information Service,,Trendy / cool,
checkpoints game,Direct Banking,,IMF,,Travel Travel,,novels,
3 kindom game,Direct Bank,,community,,Aviation Integrated Services,,exams,
casual games,Financial Services,,Maternal and child population,,Overseas travel,,Heritage Foundation,
SLG (strategy),Total Cost 1,,Sports News,,coach transport,,show,
game-Box,Internet Banking,,readers,,Full Service Airlines,,Other Read,
Chess game,Consumer Finance,,Reputation,,Integrated ticket reservation,,education for babies,
US and Europe magic comic,fixed income,,sports,,Share Travels,,Recipes,
gambling,Tencent,,,,Behalf of the drive,,Pregnant baby,
Animation aggregate class,Accounting,,,,Rentals,,Smart Appliances,
game-Racing,Consumer loans,,,,Domestic travel,,science,
Stimulate fun,Monetary Fund,,,,Tour around,,Simple 1,
Casual puzzle categories,Financial Supermarket,,,,Travel preferences,,comfortable,
Turn based RPG game,Bank Credit Card,,,,Share Tour,,Parenting stage,
old style game,Insurance,,,,Taxi,,joke,
pixel style comic,convenience services,,,,High mobility,,library,
game-pet,Lower liquidity,,,,Pursuit 1,,Prepare pregnant pregnancy,
game-flight,Financial Information,,,,Condition of the vehicles,,Prepare baby,
game-card,Crowdfunding financing,,,,train,,Audiobooks,
Shootout Shooting (STG),Equity Fund,,,,flight,,children books,
table game,Traditional Insurance,,,,Integrated tourism,,Families with small babies,
Flight Shooting,Life Insurance,,,,Bus,,Families with big baby,
Simulators,Crowdfunding,,,,Hotel application,,Noble 1,
Card Game,Financial Futures,,,,Hotel Chain,,japanese and korean style,
Cards RPG,financial,,,,Non-standard accommodation,,Utilities,
game-Snipe,financial,,,,Low Cost Airlines,,class managemetn,
zombies game,Medium risk,,,,Book hotel complex,,management,
basketball,Lottery ticket,,,,Japan and South Korea (Travel),,Precious Metals,
Journey to the West game,Direct Insurance,,,,Taxi,,A beauty care,
Racing games,Total Cost,,,,High mobility,,Astrology Horoscope,
strategy game,business cards,,,,Pursuit 1,,Beauty Nail,
action games,business,,,,Condition of the vehicles,,Western Mythology,
game-Bobble,High profitability,,,,train,,Custom label,
game-tank,Third-party card management,,,,flight,,And the Church,
game-Cutting things,Internet Insurance,,,,Integrated tourism,,Cozy 1,
war chess,,,,,Bus,,reading platform,
Racing (RAC),,,,,Hotel application,,Customized 1,
japanese comic and animation,,,,,Hotel Chain,,Customization,
World of Warcraft,,,,,Non-standard accommodation,,sports and gym,
game-gem,,,,,Low Cost Airlines,,literature,
game-Business simulation,,,,,Book hotel complex,,Irritation / Fun 1,
game-Lianliankan,,,,,Japan and South Korea (Travel),,health,
game-3D,,,,,Automotive News,,free,
Tower Defense,,,,,Sale of cars,,Reviews,
Music Games,,,,,Chinese mainland (Airlines),,1 vitality,
comics,,,,,,,read,
magic,,,,,,,Families with babies,
US and Europe animation,,,,,,,Free exercise,
game-stress reliever,,,,,,,File Editor,
Cool trendy,,,,,,,majiang,
realistic style comic,,,,,,,Enthusiasm,
Comics Reading Tools,,,,,,,Pirated content,
ARPG,,,,,,,Parenting,
game-Adventure puzzle,,,,,,,Listening to books category,
Business simulation,,,,,,,fashion outfit,
billards,,,,,,,coupon,
Ping,,,,,,,art and culture,
knight game,,,,,,,poetry,
game-Horizontal version,,,,,,,round,
dotal-lol,,,,,,,Decoration,
Parkour avoid class,,,,,,,quality,
magic,,,,,,,vitality,
,,,,,,,Smart Home,
,,,,,,,classical,
,,,,,,,Engineering Drawing,
,,,,,,,Classical 1,
,,,,,,,science fiction,
,,,,,,,Hardware Related,
,,,,,,,Read the operator's,
,,,,,,,Destination Region,
,,,,,,,KTV,
,,,,,,,Information,
,,,,,,,MOBA,
,,,,,,,natural,
,,,,,,,lose weight,
,,,,,,,safety Insurance,
,,,,,,,study abroad,
,,,,,,,entertainment,
,,,,,,,noble,
,,,,,,,math,
